"S. No.","NETC Plaza Code","Fee Plaza Name","State","District","Section of Highway","National Highway","PIU","NHAI Regional Office"
"27","15001","Pantangi","Telangana","Yadadri-Bhuvanagiri","Hyderabad-Vijayawada","65","Hyderabad","Hyderabad"
"28","15002","Koralaphad","Telangana","Nalgonda","Hyderabad-Vijayawada","65","Hyderabad","Hyderabad"
"29","15003","Chillakallu","Andhra Pradesh","Krishna","Hyderabad-Vijayawada","65","Hyderabad","Hyderabad"
"30","16001","Vanagiri","Karnataka","Koppal","Hungund Hospet","13","Hospet","Bangalore"
"31","16002","Shahapur","Karnataka","Koppal","Hunqund Hospet","13","Hospet","Bangalore"
"32","16003","Hitnal","Karnataka","Koppal","Hungund Hospet","13","Hospet","Bangalore"
"33","17001","Karjeevanhally Toll Plaza","Karnataka","Sira","Tumkur-Chitradurga including Tumkur Bypass","4","Chitradurga","Bangalore"
"34","17002","Guitalu Toll Plaza","Karnataka","Chitradurga","Tumkur-Chitradurga including Tumkur Bypass","4","Chitradurga","Bangalore"
"35","18001","Vikkravandi Toll Plaza","Tamil Nadu","Viluppuram","Tindivanam-Ulundurpet","132 & 38/ 45","Viluppuram","Chennai"
"36","19001","Sengurichi Toll Plaza","Tamil Nadu","VILLUPURAM","Ulundurpet Padalur","45","Trichy","Madurai"
"37","19002","Thirumandurai Toll Plaza","Tamil Nadu","Perambalur","Ulundurpet-Padalur","45","Trichy","Madurai"
"54","32001","Omalur Toll Plaza","Tamil Nadu","Salem","Thumbipadi-Namakkal","44 (NH-7)","Salem","Chennai"
"58","34001","Raikal Toll Plaza","Telangana","Ajmer","Thondapali Jedcherla","44","Hyderabad","Hyderabad"
"59","35001","ELECTRONIC CITY Phase 1","Karnataka","Bangalore Urban","Silk Board Junction Hosur","7","Bangalore Expressway","Bangalore"
"60","35002","Attibele Toll Plaza","Karnataka","Bangalore Urban","Silk Board Junction - Hosur","3","Bangalore Expressway","Bangalore"
"61","36001","Samayapuram Toll Plaza","Tamil Nadu","Tiruchirappalli","Padalur-Trichy","45","Trichy","Madurai"
"66","42001","Vijayamangalam Toll Plaza","Tamil Nadu","Tiruppur","Kumarapalayam Chengalpalli","544 (NH-47)","Salem","Chennai"
"67","43001","Vaiguntham Toll Plaza","Tamil Nadu","Salem","Salem Kumarapalayam","544 (NH-47)","Salem","Chennai"
"70","45001","Guduru Toll Plaza","Telangana","Yadadri Bhongir","Hyderabad-Yadhgin","163","Warangal","Hyderabad"
"71","46001","Bijapur Toll Plaza","Karnataka","Vijayapura","Bijapur Hungund","13 (New NH-50)","Gulbarga","Bangalore"
"72","46002","Nagarhalla Toll Plaza","Karnataka","Bagalkot","Hunqund Bijapur","13 (New NH-50)","Gulbarga","Bangalore"
"74","48001","Sullurpet Plaza (NH-16), (old NH-5)","Andhra Pradesh","Tirupati","Tada Nellore","S","Nellore","Vijayawada"
"75","48002","Budhanam Plaza (NH-16), (old NH-5)","Andhra Pradesh","Tirupati","Tada-Nellore","5","Nellore","Vijayawada"
"76","48003","Neliore Plaza (NH-16), (old NH-5)","Andhra Pradesh","Nellore","Tada Nellore","5","Nellore","Vijayawada"
"77","48004","Keesara Plaza (NH-65), (old NH 9)","Andhra Pradesh","NTR","Nandigama Vijayawada","9","Vijayawada","Vijayawada"
"78","49001","Kaza Toll Plaza","Andhra Pradesh","Guntur","Vijayawada-Chilakaluripet","S","Amaravati (AP)","Vijayawada"
"88","55001","Ponnambalapatti Plaza","Tamil Nadu","Tiruchirappalli","Trichy Dindigul","45","Trichy","Madurai"
"89","56001","Kozhinjiipatti Plaza","Tamil Nadu","Dindigul","Dindigul Bypass - Samyanallore","7","Madurai","Madurai"
"90","57001","Rasampalayam Plaza","Tamil Nadu","Namakkal","Nammakal Karur","44 (NH-7)","Salem","Chennai"
"91","58001","Mettupatti Plaza","Tamil Nadu","Salem","Salem-Ulundrupet","68 (New NH 791)","Salem","Chennai"
"92","58002","Nathakkarai Plaza","Tamil Nadu","Salem","Salem Ulundrupet","68 (New NH 79)","Salem","Chennai"
"93","58003","Veeracholapuram Plaza","Tamil Nadu","Kallakurichi","Salem Ulundrupet","68 (New NH 79)","Salem","Chennai"
"94","59001","Thiruparaithurai Plaza","Tamil Nadu","Tiruchirappalli","Trichy-Karur","81","Trichy","Madurai"
"95","59002","Manavasi Plaza","Tamil Nadu","Dindigul","Trichy-Karur","81","Trichy","Madurai"
"96","60001","Krishnagiri Plaza","Tamil Nadu","Krishnagiri","Hosur Krishnagin","44 (NH-7)","Krishnagiri","Chennai"
"101","63101","Karapadu","Andhra Pradesh","Srikakulam","Icchapuram-Puintola","","Berhampur","Bhubaneswar"
"102","69001","Vempadu","Andhra Pradesh","Anakapalli","Ankapalli Tuni","16( old 5)","Rajahmundry","Vijayawada"
"103","70001","Krishnavaram","Andhra Pradesh","Kakinada","Tuni Diwancheruvu","16 (old 5)","Rajahmundry","Vijayawada"
"104","73001","Bollapalli Toll Plata","Andhra Pradesh","Bapatla","Chilakalurinet Nellore","5","Ongale","Vijayawada"
"105","73002","Tangatur Toll Plaza","Andhra Pradesh","Prakasam","Chilakaluripet-Nellore","","Ongole","Vijayawada"
"106","73003","Musunur Toll Plaza","Andhra Pradesh","Nellore","Chilakaluripet Nellore","","Ongole","Vijayawada"
"107","78001","Indalwal","Telangana","Kamareddy","Armur-Adloor - Yellareddy","5544","Kamareddy","Hyderabad"
"108","79001","Sakapur Toll plaza","Telangana","Mahabubnagar","Jatcheria Kotakatta","","Hyderabad","Hyderabad"
"123","111001","Hirebgewadi toll plaza","Karnataka","Belagavi","Belqum Dharwad","4","Dharwad","Bangalore"
"124","115001","Kulumapalya toll plaza","Karnataka","Bangalore Rural","Neelmangla Tumkur","4","Tumkur","Bangalore"
"125","115002","Chokkenahalli toll plaza","Karnataka","Tumkur","Neelmangla Tumkur","4","Tumkur","Bangalore"
"126","116001","Banglaore-Nelamangala Plaza","Karnataka","Bangalore Urban & Rural","Banglore Neelamangla","4","Bangalore","Bangalore"
"127","116003","Devanahalli Toll Plaza","Karnataka","Bagalore Rural","Devanhalli Bangalore","","Bangalore","Bangalore"
"128","118001","Nelamangala Toll Plaza","Karnataka","Bagalore Rural","Neelamangia Junction - Devihalli","48","Hasan","Bangalore"
"129","118002","Bellur Toll Plaza","Karnataka","Mandya","Neelamangla Junction - Devihalli","48","Hasan","Bangalore"
"130","119001","Hoskote Toll Plaza","Karnataka","Bangalore Urban","Banglore-Hoskote-Mulbagal (Banglore-Kolar-Mulbagal)","4","Bangalore","Bangalore"
"131","119002","Mulbagal Toll Plaza","Karnataka","Kolar","Banglore-Hoskote-Mulbagal (Banglore-Kolar-Mulbagai)","4","Bangalore","Bangalore"
"132","120001","Shantigrama Toll Plaza","Karnataka","Hassan","Devihalli Hassan","48","Hasan","Bangalore"
"133","120002","Kadabhalli (Kirasave) Toll Plaza","Karnataka","Mandya","Devihalli Hassan","48","Hasan","Bangalore"
"134","123001","Pallyekkara Toll plaza","Kerala","Thrissur","Thrissur-Angamali-Edapalli","544","Palakkad","Kerala"
"135","124001","Kumbalam Toll Plaza","Kerala","Ernakulam","Edapalli Vyttila - Aroor","66","/Kochi Cochin","Kerala"
"166","167001","Vaniyambadi Toll Plaza","Tamil Nadu","Tirupathur","Krishnagiri-walajhapet","48 (NH-46)","Krishnagin","Chennai"
"167","167002","Pallikonda Toll Plaza","Tamil Nadu","Vellore","Krishnagiri -walajhapet","48 NH-46","Krishnagiri","Chennai"
"168","169001","L&T Krishnagiri Thopur Toll Plaza","Tamil Nadu","Dharmapuri","Krishnagini Thopurghat","44 (NH-7)","Salem","Chennai"
"169","170001","Velanchettiyur","Tamil Nadu","Dindigul","Karur Bypass Dindigul Bypass","7","Dindigul","Madurai"
"170","176001","Vaivanthankottai","Tamil Nadu","Thanjavur","Thanjavur Trichy","67","Thanjavur","Madurai"
"171","176002","Elliyarpathy","Tamil Nadu","Virudhunagar","Madurai Tuticorin","458","Tuticorin","Madurai"
"172","176003","Pudurpandiyapuram","Tamil Nadu","Thoothukudi","Madurai Tuticorin","45B","Tuticorin","Madurai"
"173","177001","Pondicherry Tindivanam Toll Plaza","Tamil Nadu","Viluppuram","Pondicherry-Tindivanam","32/NH-66","Puducherry","Chennai"
"204","212001","Laxmipuram","Andhra Pradesh","Srikakulam","Icchapuram-Narasannapeta","16(old 5)","Vishakhapatnam","Vijayawada"
"214","230001","IVRCL Chengapally Tollways Limited","Tamil Nadu","Coimbatore","Chenagapali Coimbatore TN/Kerala Border","544 (NH-47)","Coimbatore","Chennai"
"215","234002","Chagalmarri Toll Plaza","Andhra Pradesh","Nandyal","Cudappa-Mydukur-Kurnool NHDP-III","40 (Old 18)","Kadapa","Vijayawada"
"220","239300","Unguturu Toll Plaza","Andhra Pradesh","Eluru","Siddhantham Gundugolanu","216A(Old 5)","Rajahmundry","Vijayawada"
"221","239301","Eethakuta at Km. 946.300","Andhra Pradesh","Dr. B. R. Ambedkar Konaseema","Diwancheruvu Siddhantham","216A(Old 5)","Rajahmundry","Vijayawada"
"223","239600","Nangli Toll Plaza","Karnataka","Kolar","Mulbagal-Karnataka / AP border","4","Bangalore","Bangalore"
"224","239700","PamPamPallam Toll Plaza","Kerala","Palakkad","Walayar-Vadakkanchery","544","Palakkad","Kerala"
"236","257001","Sasthan Toll Plaza","Karnataka","Udupi","Kundapur-Suratkhal & Nantur Circle to Mahaveer Circle & Mahaveer circle to Kerala Border (Talapady)","66 (Old 17)","Mangalore","Bangalore"
"237","257002","Hejamadi Toll Plaza","Karnataka","Udupi","Kundapur-Suratkhal & Nantur Circle to Mahaveer Circle & Mahaveer circle to Kerala Border (Talapady)","66 (Old 17)","Mangalore","Bangalore"
"238","257003","Talapady Toll Plaza","Karnataka","Dakshina Kannada","Kundapur-Suratkhal & Nantur Circle to Mahaveer Circle & Mahaveer circle to Kerala Border (Talapady)","66 (Old 17)","Mangalore","Bangalore"
"561","340057","Gananguru Toll Plaza","Karnataka","Mandya","NIDAGATTA-MYSORE","275","Mysuru","Bangalore"
"568","340065","Mopidevi Toil Plaza","Andhra Pradesh","Krishna","Machilipatnam avanigadda","214A (New-216)","Vijayawada","Vijayawada"
"635","349010","Halaharvi","Andhra Pradesh","Kurnool","Adoni to Madhavaram (via Mantralayam","167","Anantpur","Vijayawada"
"641","350004","Chinthapally","Telangana","Warangal","Thanamcherla-Jamandlapally 2LPS NHDP-IV (8.2.2017)","365","Warangal","Hyderabad"
"642","350005","Kadthal","Telangana","Rangareddy","Hyderabad-Dindi (2 LPS)","765","Hyderabad","Hyderabad"
"643","350006","Pullur","Telangana","Gadwal","Kothakota bypass-Kurnool","44","Hyderabad","Hyderabad"
"644","350007","Rolmamda","Telangana","Adilabad","Islam Nagar Katdal TOT-16","44","Kamareddy","Hyderabad"
"645","350008","Gamjal","Telangana","Nirmal","Kadthal-Armur TOT-16","44","Kamareddy","Hyderabad"
"646","350026","Konetipuram","Telangana","Guntur","Hyderabad-Dindi (2 LPS)","765","Hyderabad","Hyderabad"
"647","350027","Manoharabad","Telangana","Medak","Chegunta Bewenpally TOT-16","44","Kamareddy","Hyderabad"
"648","350028","Pippalwada","Telangana","Adilabad","Maharashtra/AP Border Islam Nagar TOT-16","44","Kamareddy","Hyderabad"
"649","350029","Bhiknoor Toll Plaza","Telangana","Nizamabad","Adioor Yellareddy - Chegunta TOT-16","44","Kamareddy","Hyderabad"
"650","350030","Gowraram","Telangana","Dharwad","AP/Telangana Border Rudrampur","30","Khammam-1","Hyderabad"
"651","350031","Komalla","Telangana","Mathura","Yadgiri Warangal","163","Warangal","Hyderabad"
"652","350032","Komatipalin","Telangana","Komatipalli","Yadgin Warangal NHDP-IV","163","Warangal","Hyderabad"
"653","350033","Muthojipet","Telangana","Warangal","Mangalwarpet to Mallampalli","365","Warangal","Hyderabad"
"654","350035","Dilawarpur fee plaza","Telangana","Dharwad","Kalyan-Nirmal-ZLPS","61","Kamareddy","Hyderabad"
"655","350035","Singarajupally Plaza","Telangana","Jangaon","Janagaon Thirumalagiri","3658","Khammam-II","Hyderabad"
"656","350036","Yerkaram","Telangana","Suryapet","Thirumalagin Suryapet Others","3658","Khammam-II","Hyderabad"
"657","350040","Singarenipalli Toll Plaza","Telangana","Suryapet","Suryapet to Khammam","365BB","Khammam-II","Hyderabad"
"658","350041","Mandamarri Toll Plaza","Telangana","Adilabad","Mancherial-Repellewada","363","Mancherial","Hyderabad"
"659","350042","Taddanpally Toll Plaza","Telangana","Sangareddy","Kandi to Nizampet","161","Gajwel","Hyderabad"
"661","350044","Pudur Toll Plaza","Tamil Nadu","Madurai","Madurai-Chettikulam-Natham-Thuvarankurichi","785","Madurai","Madurai"
"663","350046","Mudiveedu Toll Plaza","Andhra Pradesh","Annamayya","Rayachoty Angallu Road","340","Kadapa","Vijayawada"
"665","350100","Kamkole","Telangana","Sangareddy","MH-Knt Border Sangareddy","9 (New-65)","Gulbarga","Bangalore"
"666","350101","Munnanur","Telangana","Nagarkurnool","Jadcheria-Kalwakurtey","167","Hyderabad","Hyderabad"
"667","350102","Chitlapalli Toll Plaza","Telangana","Sangareddy","Hyderabad-Yadgiri-Warangal","163","Hyderabad","Hyderabad"
"668","350103","Gummadidala","Telangana","Sangareddy","Hyderabad to outer Ring Road Junction to Medak Section","7650","Gajwel","Hyderabad"
"669","350104","Dharmaram Toll Plaza","Telangana","Nizamabad","Mangloor to Telangana/Maharashtra Section","161","Gajwel","Hyderabad"
"670","352001","Nannur","Andhra Pradesh","Kurnool","Cudappa-Mydukur-Kurnool NHDP-III","40 (Old 18)","Kadapa","Vijayawada"
"671","352013","Chapirevula","Andhra Pradesh","Nandyal","Cudappa-Mydukur-Kumool NHDP-III","40 (Old 18)","Kadapa","Vijayawada"
"672","352020","Mahasamudram","Andhra Pradesh","Chittoor","AP/TN Border-Nalagampalli & Nalagampalli-AP/KA Border","69 (Old NH-4)","Tirupati","Vijayawada"
"673","352022","Nathavalasa","Andhra Pradesh","Vizianagaram","Ranastalam-Visakhapatnam","16(old 5)","Vishakhapatnam","Vijayawada"
"674","352023","S.V Puram Toll Plaza","Andhra Pradesh","Tirupati","Tirupati Tiruthani","716 (NH-205)","Chennai-2","Chennai"
"675","352024","Marur toll plaza","Andhra Pradesh","Anantapur","Hyderabad Bangalore","44","Anantpur","Vijayawada"
"676","352025","Kasapalli toll plaza","Andhra Pradesh","Anantapur","Hyderabad Bangalore","44","Anantpur","Vijayawada"
"677","352026","Amakthadu toll plaza","Andhra Pradesh","Nandyal","Hyderabad Bangalore","44","Anantpur","Vijayawada"
"678","352027","Kalapamu","Andhra Pradesh","Eluru","Vijayawada-Gundugolanu","S","Vijayawada","Vijayawada"
"679","352028","Agnampad","Andhra Pradesh","Visakhapatnam","Vishakhapatnam Ankapolli","16 (Old NH-5)","Vishakhapatnam","Vijayawada"
"680","352030","Madapam","Andhra Pradesh","Srikakulam","Narasarinapeta- Ranastalam","16 (Old NH-5)","Vishakhapatnam","Vijayawada"
"681","352031","Badava","Andhra Pradesh","NTR","Ibrahimpatnam-AP/Telangana Border","221","Vijayawada","Vijayawada"
"682","352032","Bhramanapalli","Andhra Pradesh","Nellore","Vaggampalle-Dornala T-Junction 2-LPS","565","Nellore","Vijayawada"
"683","352033","Chinthalapalem","Andhra Pradesh","Tirupati","Penchalakona Yerpedu","565","Tirupati","Vijayawada"
"684","352034","Mekalavaripalli","Andhra Pradesh","Prakasam","Markapuram to Vaggampalle","565","Ongale","Vijayawada"
"685","352035","Raviguntapalli","Andhra Pradesh","Prakasam","Markapuram to Vaggampaile 2-LPS","565","Ongole","Vijayawada"
"686","352036","Rapur","Andhra Pradesh","SPSR Neilore","Penchalakona-Yerpedu","565","Tirupati","Vijayawada"
"687","352037","Basapuram","Andhra Pradesh","YSR Kadapa","Mydukur to Dornala T-Junction","67","Kadapa","Vijayawada"
"688","352038","Durgamvaripal","Andhra Pradesh","Annamayya","Pileru Ravachoty","40","Tirupati","Vijayawada"
"689","352039","Pottipadu","Andhra Pradesh","Krishna","Vijayawada-Gundugolanu","S","Vijayawada","Vijayawada"
"690","352040","Davaluru","Andhra Pradesh","Krishna","Vijayawada to Machilipatnam","65 (Old NH-9)","Vijayawada","Vijayawada"
"691","352041","Panchvati Colony(Vishakapatnam Port Connectivity)","Andhra Pradesh","Visakhapatnam","Vishakhapatnam Port Connectivity Project","NE-5 (New NH 16)","Vishakhapatnam","Vijayawada"
"692","352042","Goshtani Gate of Navy Vishakapatnam Port Connectivity)","Andhra Pradesh","Visakhapatnam","Vishakhapatnam Port Connectivity Project","5160","Vishakhapatnam","Vijayawada"
"693","352043","yerradoddi","Andhra Pradesh","Anantapur","Mudigubba Anantapur District Border Others","42","Anantpur","Vijayawada"
"694","352044","Jeilipalli","Andhra Pradesh","Anantapur","AP Boarder Anantapur","42","Anantpur","Vijayawada"
"695","352045","Bandapalli","Andhra Pradesh","Annamaya","Ravachoty Kadapa","18 (New NH-40)","Kadapa","Vijayawada"
"696","352046","Millampali","Andhra Pradesh","Prakasam","Davulpalli Markapuram","565","Ongole","Vijayawada"
"698","352048","Gollaprolu","Andhra Pradesh","Kakinada District","Kathipudi to Start of Kakinada Bypass 4-1","216 (old 214)","Rajahmundry","Vijayawada"
"699","352049","Chinaganjam","Andhra Pradesh","Bapatla","Eepuripalem to Ongale ZLPS","216 (Old NH-214A)","Ongale","Vijayawada"
"700","352050","Chittimitti Chinthala","Andhra Pradesh","Kadapa","Muddanurur-Jammalamaduga Others","67","Kadapa","Vijayawada"
"701","352051","Medapi","Andhra Pradesh","Prakasam","Giddalur-Vinukonda","544D","Amaravati (AP)","Vijayawada"
"702","352052","Pandillapall","Andhra Pradesh","Prakasam","Giddalur Vinukonda","5440","Amaravati (AP)","Vijayawada"
"703","352053","Jodi Dharmapuram","Andhra Pradesh","Anantapur","Gooty-Tadipatri","67","Anantpur","Vijayawada"
"704","352054","Gadanikku","Andhra Pradesh","Tirupati","Chittoor Mallavaram","140","Tirupati","Vijayawada"
"705","352055","Bathalapalli","Andhra Pradesh","Anantapur","Rapthadu-Bathalapalli section","42","Anantpur","Vijayawada"
"706","352056","Veera Valli","Andhra Pradesh","East Godavari","Gundugolanu-Devarapalli-Kovvurl","16","Rajahmundry","Vijayawada"
"707","352057","Vaddupaill","Andhra Pradesh","Anantapur","Anarithapuramu to Kalyandurg section (2-LPS)","544DD","Anaritpur","Vijayawada"
"708","352058","Jawahar Nagar N","Telangana","Mulugu","Hyderadad-Bhopalapatnam section","163","Warangal","Hyderabad"
"709","352059","Dukkavanipalem Toll Plaza","Andhra Pradesh","Visakhapatnam","Anakapalli-Pendurthi Anandapuram Section","16","Vishakhapatnam","Vijayawada"
"710","352060","Marripalem Toll Plaza","Andhra Pradesh","Anakapalli","Anakapalli-Pendurthi Anandapuram Section","16","Vishakhapatnam","Vijayawada"
"711","352061","Thenepalli","Andhra Pradesh","Chittoor","Pileru Puthalupattu","40","Tirupati","Vijayawada"
"712","352062","Danamaiahqaaripalli Toll Plaza","Andhra Pradesh","Chittoor","Palamaneru to Krishnagiri (2LPS)","42","Chittoor","Vijayawada"
"713","352063","Bandlapalli Toll Plaza","Andhra Pradesh","Chittoor","Madanapalli-Punganuru-Palamaneru","42","Chittoor","Vijayawada"
"714","352064","Cholasamundram Toll Plaza","Andhra Pradesh","Sri Satya Sai","Kodikonda Junction to Madakasira section","544 E","Anantpur","Vijayawada"
"715","352065","Paatimeeda Palli","Andhra Pradesh","YSR kadapa","Cudappa-Mydukur-Kumool NHDP-III","18","Kadapa","Vijayawada"
"716","352066","Munjuluru Toll Plaza","Andhra Pradesh","Krishna","Losari-Machavaram section","216","Vijayawada","Vijayawada"
"717","352067","Annampalli Toll Plaza","Andhra Pradesh","Dr. B. R. Ambedkar Konaseema","Gurajanapalli to Pasariapudi","216 (old 214)","Rajahmundry","Vijayawada"
"718","352068","Gorribanda Toll Plaza","Andhra Pradesh","Srikakulam","AP/Odisha Border to Narasannaapeta section","326 A","Vishakhapatnam","Vijayawada"
"720","356006","Belekari","Karnataka","Uttara Kannada","Goa-Karnataka Border to Kundapur","66 (Old 17)","Honanvar","Bangalore"
"721","356007","Holgegadde","Karnataka","Uttara Kannada","Goa-Karnataka Border to Kundapur","66 (Old 17)","Honanvar","Bangalore"
"722","356008","Shirur","Karnataka","Udupi","Goa-Kamataka Border to Kundapur","66 (Old 17)","Honanvar","Bangalore"
"723","356016","Bankapur","Karnataka","Haveri","Gabbur-Devgiri","4B(Old NH4)","Dharwad","Bangalore"
"724","356017","Bagepalli Toll Plaza","Karnataka","Chikkaballapura","AP/ Karnataka Border Devanhall","7","Bangalore","Bangalore"
"725","356018","Kognoli","Karnataka","Belagavi","Maharashtra Border -Belgaum","4 (New NH-48)","Dharwad","Bangalore"
"726","356019","Chalageri","Karnataka","Haveri","Hadadi Devgiri","4","Chitradurga","Bangalore"
"727","356020","Hebbalu","Karnataka","Davanagere","Doddasiddanahally Hadadi","","Chitradurga","Bangalore"
"728","356021","Hattargi","Karnataka","Belagavi","Hattargi Hirebagewadi","4 (New NH-48)","Dharwad","Bangalore"
"729","356023","Brahamarakottu","Karnataka","Dakshina Kannada","B.C. Road Padil & Padil Bypass (Suratikal-Nantur) (New Mangalore Port)","48(new 73)","Mangalore","Bangalore"
"730","356024","Yeddore","Karnataka","Mysuru","Kerala border Kollegal","212 (New-766)","Mysuru","Bangalore"
"731","356025","KN Huindy","Karnataka","Mysuru","Kerala border Kollegal","212 (New-766)","Mysuru","Bangalore"
"732","356026","Kannole","Karnataka","Vijayapura","Bitapur-Gulberga Homnabad 2/4-LPS","218(New-50)","Gulbarga","Bangalore"
"733","356027","Harwal","Karnataka","Kalaburagi","Bijapur-Gulbarga-Homnabad 2/4-LPS","218(New-50)","Gulbarga","Bangalore"
"734","356028","Kannegala","Karnataka","Chamarajanagara","Kerala border Kollegal","212 (New-766)","Mysuru","Bangalore"
"735","356029","Hirehalli","Karnataka","Chitradurga","Byrapura-Chalkere","150-A","Chitradurga","Bangalore"
"736","356030","Tidagundi","Karnataka","Vijayapura","Solapur Bijapur Section","13(new-52)","Solapur","Mumbai"
"737","356100","Mangalgi","Karnataka","Bidar","MH-Knt Border Sangareddy","9(New-65)","Gulbarga","Bangalore"
"738","356103","Thimmalapura","Karnataka","Vijayangara","Hospet Chitradurga 41 21.2.2020","50 (Old NH-13)","Chitradurga","Bangalore"
"739","356104","Kananakatte","Karnataka","Davanagere","Hospet-Chitradurga 41","50 (Old NH-13)","Chitradurga","Bangalore"
"740","356106","Nalavadi","Karnataka","Dharwad","Hubli to Hospet section","63","Dharwad","Bangalore"
"741","356107","Halliqudi Fee Plaza","Karnataka","Gadag","Hubli to Hospiet section","63","Dharwad","Bangalore"
"742","356108","Jajirakallu Toll Plaza","Karnataka","Anantapur","Bellary Byrapura section (HAM)","150A","Hospet","Bangalore"
"743","356109","Rajatadripura Toll Plaza","Karnataka","Tumkur","Tumkur Shimoqga section","206","Tumkur","Bangalore"
"744","356110","Sheshagirihalli Toll Plaza","Karnataka","Bengaluru South","Bangalore Mysore section","275","Mysuru","Bangalore"
"745","356111","Kaniminike Toil Plaza","Karnataka","Bengaluru Urban","Bangalore-Mysore section","275","Mysuru","Bangalore"
"746","356112","Ganebail Toll Plaza","Karnataka","Belagavi","Belgaum Khanapur Section (Km.0.000 to Km. 30.000)","748 (Old NH-4A)","Dharwad","Bangalore"
"747","360020","Pollachi Cochin Toll Plaza","Tamil Nadu","Coimbatore","Coimbatore Bypass","544(Old NH-47)","Coimbatore","Chennai"
"748","360021","Pollachi Salem Toll Plaza","Tamil Nadu","Coimbatore","Coimbatore Bypass","544(Old NH-47)","Coimbatore","Chennai"
"749","360024","Neelambur","Tamil Nadu","Coimbatore","Coimbatore Bypass","544(Old NH-47)","Coimbatore","Chennai"
"750","360025","Trichy Salem","Tamil Nadu","Coimbatore","Coimbatore Bypass","544(Old NH-47)","Coimbatore","Chennai"
"751","360026","Trichy Cochin","Tamil Nadu","Coimbatore","Coimbatore Bypass","544(Old NH-47)","Coimbatore","Chennai"
"752","360027","Madukkaral","Tamil Nadu","Coimbatore","Coimbatore Bypass","544(Old NH-47)","Coimbatore","Chennai"
"753","360028","Surapattu Toll Plaza","Tamil Nadu","Tiruvallur","Chennai Bypass","32","Chennai-2","Chennai"
"754","360029","Pattarai Toll Plaza","Tamil Nadu","Tiruvallur","Tirupati Tirutham Chennal","716 (NH-205)","Chennai-2","Chennai"
"755","360030","Athur","Tamil Nadu","Chengalpattu","Tambaram-Tindivanam","32 (NH-45)","Chengalpattu","Chennai"
"756","360031","Sri Perumbadur","Tamil Nadu","Kancheepuram","Walajhapet Poonamalai","48 (NH-4)","Kancheepuram","Chennai"
"757","360032","Nallur Toll Plaza","Tamil Nadu","Tiruvallur","Chennai-Tada","16(5)","Chennai","Chennai"
"758","360033","Chennasamaduram","Tamil Nadu","Ranipet","Poonamalle Walajahpet","48 (NH4)","Kancheepuram","Chennai"
"759","360034","Vanagaram Toll Plaza","Tamil Nadu","Tiruvallur","Chennai Bypass","32","Chennai","Chennai"
"760","360036","VAGAIKULAM TOLL PLAZA","Tamil Nadu","Thoothukudi (Tuticorin)","Tirunelveli Tuticorin","7Amew 138","Tuticorin","Madurai"
"761","360037","Kappalur","Tamil Nadu","Madurai","Madurai Kannyakumari (Km 0.000 Km 243.170)","7","Madurai","Madurai"
"762","360038","Salaipudur","Tamil Nadu","Tirunelveli","Madurai Kannyakumari (Km 0.000 Km 243.170)","7","Nagercoil","Madurai"
"763","360039","Nangunen","Tamil Nadu","Tirunelveli","Madurai Kannyakumari (Km 0.000 Km 243.170)","7","Nagercoil","Madurai"
"764","360040","Etturvattam","Tamil Nadu","Madurai","Madurai Kannyakumari (Km 0.000 Km 243.170)","7","Madurai","Madurai"
"765","360041","DC Paili","Andhra Pradesh","Nellore","Dornala Atmakur (AP)","67","Nellore","Vijayawada"
"766","360042","Mathur Toll Plaza","Tamil Nadu","Chennai","Chennai -Ennore Port road","State Road","Chennai","Chennai"
"767","360043","Chittampatti","Tamil Nadu","Madurai","(Trichy Tovrankurichi - Madurai) OMT-16","45B","Trichy","Madurai"
"768","360044","Buchireddypalem","Andhra Pradesh","Nellore","Atmakkur Nellore (AP)","67","Nellore","Vijayawada"
"769","360045","Boothakudi","Tamil Nadu","Tirunelveli","(Trichy Tostankurichi - Madurai) OMT-16","45B","Trichy","Madurai"
"770","360046","Bogalur","Tamil Nadu","Sivaganga","Madurai-Paramakudi-Ramnathapuram","49","Karaikudi","Madurai"
"771","360047","Tirupachethi","Tamil Nadu","Sivaganga","Madurai-Paramakudi-Ramnathapuram-2-LPS","49","Karaikudi","Madurai"
"772","360048","Palaya Gandharvakottai","Tamil Nadu","Pudukkottai","Thanjavur Pudukkottai -2LPS","226","Karaikudi","Madurai"
"773","360049","Paranur","Tamil Nadu","Chengalpattu","Tambaram-Tindivanam","32 (NH-45)","Chengalpattu","Chennai"
"774","360050","Lembalakudi","Tamil Nadu","Pudukkottai","Trichy-Karaikudi","210","Karaikudi","Madurai"
"775","360051","Lechchumanapetti","Tamil Nadu","Pudukkottai","Trichy-Karaikudi","210","Karaikudi","Madurai"
"776","360054","Shenbagampettai toll plaza","Tamil Nadu","Siwaganga","Thirumayam-Manamadural (2-LP5)","226","Karaikudi","Madurai"
"777","360058","Keezhkuppam Toll Plaza","Tamil Nadu","Kallakurchi","Cuddalore-Virudhachalam-Salem","532","Salem","Chennai"
"778","360059","Pornnalagaram","Tamil Nadu","Cuddalore","Cuddalore-Vridhachalam","532","Salem","Chennai"
"779","360060","Kodikottai Toll Plaza","Tamil Nadu","Pudukkottai","Karaikudi-Ramanathapuram Section","210(new-536)","Karaikudi","Madurai"
"780","360061","Vennathur Toil Plaza","Tamil Nadu","Guntur","Karaikudi Ramanathapuram Section","210(new-536)","Karaikudi","Madurai"
"781","360062","Kallakudi Toll plaza","Tamil Nadu","Trichy","Trichy-Kailagam","81 (NH-227)","Villupuram","Chennai"
"782","360064","Upparpatti","Tamil Nadu","Virudhunagar","Dindigul Theni Kumili Section","183","Dindigul","Madurai"
"783","360065","Vallan Toll Plaza","Tamil Nadu","Vellore","Vellore-Tiruvannamalai-Villupuram","38(ΝΗ 234)","Viluppuram","Chennai"
"784","360066","Enamkariyandal Toll Plaza","Tamil Nadu","Tiruvannamalai","Vellore-Tiruvannamalai-Villupuram","38 NH 234","Viluppuram","Chennai"
"785","360067","Thennamadevi Toll Plaza","Tamil Nadu","Viluppuram","Vellore-Tiruvannamalai-Villupuram","38 NH 234","Viluppuram","Chennai"
"786","360068","Thirupathisaram Toll Plaza","Tamil Nadu","Kanyakumari","Nagercoil to Kavalkinaru Section","47 B new NH 944)","Nagercoil","Madurai"
"787","360069","Sevugampatti Toll Plaza","Tamil Nadu","Dindigul","Dindigul Theni Kumili Section","183","Dindigul","Madurai"
"788","367004","Poonarimangalam","Kerala","Ernakulam","Kalamassery-JCTT Vallarpadam","9664","Cochin-II","Kerala"
"789","367006","Thiruvallam","Kerala","Thiruvananthapuram","Thiruvananthapuram-Kerala/Tamil Nadu border Section","66","Thiruvananthapuram","Kerala"
"790","367007","Paniyankara Toll Plaza","Kerala","Palakkad","Vadakkancherry to Thrissur Border","544","Palakkad","Kerala"
"864","381000","Managethi","Tamil Nadu","Ariyalur","Kallagam-Meensurutti","81 (NH-227)","Villupuram","Chennai"
"888","536043","Seetharampuram Toll Plaza","Andhra Pradesh","West Godavari","Dhindi to Digamarna","216 (old 214)","Rajahmundry","Vijayawada"
"896","536060","Chatrapatti Toll Plaza","Tamil Nadu","Virudhunagar","Oddanchatram-Madathukulam","83","Dindigul","Madurai"
"904","536071","Devikulam Plaza","Kerala","Kannur","Bodimettu to Munnar section","85","Cochin/Kochi","Kerala"
"908","536076","Balenahalli Toll Plaza","Karnataka","Chitradurga District","Challakere Hirivur (Pkg-III)","150A","Chitradurga","Bangalore"
"917","536087","Thuvakudi Toll Plaza","Tamil Nadu","Tiruchirappalli","Trichy Bypass from Km.110.016 to Km.135.930","67(New NH-83)","Trichy","Madurai"
"931","536102","Thirsivangad Toll Plaza","Kerala","Idukki","Thalassery-Mahe Bypass","66","Kozhikode","Kerala"
"932","536103","Gangarampalayam Toll Plaza","Tamil Nadu","Viluppuram","Viluppuram to Puducherry Section","45A (New NH-332)","Puducherry","Chennai"
"933","536105","Velampatti fee plaza","Tamil Nadu","Tiruppur","Avinashi-Tiruppur Avinashipalayam section","381","Coimbatore","Chennai"
"936","536109","Kothatai Toll Plaza","Tamil Nadu","Cuddalore","Poondiyankuppam Sattanathapuram","32 (NH 45A)","Puducherry","Chennai"
"946","536183","Linglapura Toll Plaza","Karnataka","Chikkamagaluru","Banwara-Bettadahalli","206 (New-73 & 69)","Tumkur","Bangalore"
"947","536194","Jonnade Toll Plaza","Andhra Pradesh","Visakhapatriam","Raipur-Visakhapatnam","26 (old-43)","Vishakhapatnam","Vijayawada"
"949","536198","Hulikunte Toll Plaza","Karnataka","Bangalore Rural","Dobaspet to Dodaballapur","648 (Old-NH-207)","Bangalore","Bangalore"
"962","536236","Kurungudi Toll Plaza","Tamil Nadu","Cuddalore","Meensurutti-Chidambaram","81 (NH-227)","Viluppuram","Chennai"
"963","536237","Ganityada Toll Plaza","Andhra Pradesh","Vizianagaram","Bowdara Viziangaram","516E","Vizianagaram","Vijayawada"
"967","536246","Kariyamangiam Toll Plaza","Tamil Nadu","Tiruvannamalai","Tindivanam-Krishnagiri","77 (NH-66)","Puducherry","Chennai"
"980","536336","Rolla Toll Plaza","Andhra Pradesh","Sri Satya Sai","Madakasaira Sira section","544E","","Vijayawada"
"986","536382","Nagampatti Toll Plaza:","Tamil Nadu","Krishnagiri","Tindivanam-Krishnagin","77 (NH-66)","Viluppuram","Chennai"
"987","536383","Chowlagere Fee Plaza","Karnataka","Hassan","Hassan-Maranahally section","75","Hasan","Bangalore"
"988","536385","Nanglikondan Toll Plaza","Tamil Nadu","Viluppuram","Tindivanam-Krishnagiri","77 (NH-66)","Viluppuram","Chennai"
"991","536392","Painampaili Toll Plaza","Telangana","Suryapet","Km 0.00 to Km 35.40 of Kodad to Khammam Section","3654","Khammam-I","Hyderabad"
"994","536397","Medipally Toll Plaza","Telangana","Medchal-Malkajgiri","Sironcha Atmakur section in between Mahadevpur - Bhupalapally","3530","Warangal","Hyderabad"
"999","536404","Kadhavani Toll Plaza","Tamil Nadu","Krishnagiri","Salem-Tirupathur-Vaniyambadi","179A","Krishnagiri","Chennai"
"1007","536413","Kovilvenni Toll Plaza","Tamil Nadu","Thiruvarur","Nagapattinam Thanjavur section..","67 (New83)","Thanjavur","Madurai"
"1010","536419","Vembukudi Toll Plaza","Tamil Nadu","Thanjavur","Cholpauram-Thanjavur section","45-C","Thanjavur","Madurai"
"1011","536422","Mulawad Toll Plaza","Karnataka","Vijayapura","Bijapur Hubli section","218","Bagalkot","Bangalore"
"1020","536434","H. Pudhupatti Toli Plaza","Tamil Nadu","Dharmapuri","Salem to Vayembadi (Km36.000 to 80.00)","179A","Salem","Chennai"
"1021","536441","Veeranjaneyapuram Fee Plaza","Andhra Pradesh","Palnadu","2-LPS of Nagarjuna sagar Dam to Davulapally","565","Ongole","Vijayawada"
"1022","536450","Mustapur Fee Plaza","Karnataka","Bidar","Aurad-Bidar section","1614","Gulbarga","Bangalore"
"1025","536457","Alagapada Toll Plaza","Telangana","Nalgonda district","Mirvalaquda to Kodad","167","Khammam-1","Hyderabad"
"1034","536466","Meriapaka","Andhra Pradesh","Tirupati","Renigunta Naidupeta","71","Tirupati","Vijayawada"
"1035","536467","Karagathahalli Toil Plaza","Tamil Nadu","Dharmapuri","Neraluru-Dharmapuri","844","Krishnagiri","Chennai"
"1045","536482","Sathyagala","Karnataka","Chamarajanagara","BRT Tiger Reserve Boundary to Bangalore section","3530","Mysuru","Bangalore"
"1057","536498","Attigulipura Toll plaza","Karnataka","Chamarajanagara","Attigulipura staggered fee plaza at Km 288.400 in LHS and design Km 288,700 in RHS of BRT Tiger Reserve Boundary to Bangalore section of National Highway no 209 (New NH-948)","209","Mysuru","Bangalore"
"1065","536520","Manambadi Fee Plaza","Tamil Nadu","Thanjavur","Sethiyathope-Cholpauram (Km 65.960-Km 116.440)","36","Thanjavur","Madurai"
"1072","536547","Mangapatnam Toll Plaza","Andhra Pradesh","Kadapa","Tadipatri Jammalamadugu via Muddanur","67","Anantpur","Vijayawada"
"1076","536573","Basinenipalli","Andhra Pradesh","Nellore","Seetharampuram-Duttaluru","167BG","Ongole","Vijayawada"
"1078","536587","Gandaboyanapalle","Andhra Pradesh","Annamayya","Madanapalli Pileru Section","71","Tirupati","Vijayawada"
"1120","546028","Nalluru Devanahalli Toll Plaza","Karnataka","Bangalore Rural","Doballapur Bypass Hoskote","648","Bangalore","Bangalore"
"1125","550024","Kothagudem","Telangana","Bhadradri Kothagudem","Nakrekal-Tanamcheria","365","Khammam-1","Hyderabad"
"1135","","Rudravaram","Andhra Pradesh","Nandyal","Madiem-Atmakur","3400","Kurnool","Vijayawada"
"1138","","Paluvai","Andhra Pradesh","Palnadu","Rehabilitation and Upgradation of NH 167AD from Macheria to Dachepalli","167AD","Ongale","Vijayawada"
"1139","","Ramanathapuram","Andhra Pradesh","Chittoor","2-LPS of Mangalore Thiruvannamalai","75","Chittoor","Vijayawada"
"1140","","Manapuram","Andhra Pradesh","Vizianagaram","Slauru Gotlam section of NH-26 (Raipur Visakhaptnam)","26","Vizianagaram","Vijayawada"
"1141","","Pedagaruvu","Andhra Pradesh","Alluri Sitaramaraju","Paderu-Gondiguda-Araku section of NH-516E","516E","Vizianagaram","Vijayawada"
"1142","","Peddakonduru","Andhra Pradesh","Nellore","Duttalur to Kavali","167BG","Ongole","Vijayawada"
"1143","","Kothapalli","Andhra Pradesh","Prakasam","Kadapa/Nellore Border to CS Puram section of NH-1678","1678","Ongole","Vijayawada"
"1144","","Burakayalakota","Andhra Pradesh","Annamayya","Mulakalacheruvu Madanapalli Section","42","Tirupati","Vijayawada"
"1146","","Anjukuzhipatti","Tamil Nadu","Dindigul","Dindigul kottampatty","383","Dindigul","Madurai"
"1148","","Kadarampalli","Andhra Pradesh","ANANTHAPURAMU","KALYANDURG-RAYADURG-MOLAKALMUR","544DD","Anantpur","Vijayawada"






